statement_id,ocorrencias,locais
BH-IHF-2026-R08-001,2,"[{""arquivo"": ""Regras 1–18.md"", ""linha"": 752, ""sentenca"": ""Um Atleta pode_usar braços para bloquear a Bola.""}, {""arquivo"": ""Regras 1–18.md"", ""linha"": 897, ""sentenca"": ""Um Atleta pode_usar braços para bloquear a Bola.""}]"
BH-IHF-2026-R08-002,2,"[{""arquivo"": ""Regras 1–18.md"", ""linha"": 753, ""sentenca"": ""Um Atleta pode_usar mãos para bloquear a Bola.""}, {""arquivo"": ""Regras 1–18.md"", ""linha"": 898, ""sentenca"": ""Um Atleta pode_usar mãos para bloquear a Bola.""}]"
BH-IHF-2026-R08-003,2,"[{""arquivo"": ""Regras 1–18.md"", ""linha"": 754, ""sentenca"": ""Um Atleta pode_usar braços para ganhar posse da Bola.""}, {""arquivo"": ""Regras 1–18.md"", ""linha"": 899, ""sentenca"": ""Um Atleta pode_usar braços para ganhar Posse da Bola.""}]"
BH-IHF-2026-R08-004,2,"[{""arquivo"": ""Regras 1–18.md"", ""linha"": 755, ""sentenca"": ""Um Atleta pode_usar mãos para ganhar posse da Bola.""}, {""arquivo"": ""Regras 1–18.md"", ""linha"": 900, ""sentenca"": ""Um Atleta pode_usar mãos para ganhar Posse da Bola.""}]"
BH-IHF-2026-R08-005,2,"[{""arquivo"": ""Regras 1–18.md"", ""linha"": 756, ""sentenca"": ""Um Atleta pode_usar mão aberta para jogar a Bola para longe do Adversário.""}, {""arquivo"": ""Regras 1–18.md"", ""linha"": 901, ""sentenca"": ""Um Atleta pode_usar mão aberta para afastar a Bola do Adversário.""}]"
BH-IHF-2026-R08-006,2,"[{""arquivo"": ""Regras 1–18.md"", ""linha"": 757, ""sentenca"": ""Um Atleta pode_usar corpo para obstruir Adversário.""}, {""arquivo"": ""Regras 1–18.md"", ""linha"": 902, ""sentenca"": ""Um Atleta pode_usar o corpo para obstruir Adversário.""}]"
BH-IHF-2026-R08-007,2,"[{""arquivo"": ""Regras 1–18.md"", ""linha"": 758, ""sentenca"": ""Um Atleta pode_usar corpo para obstruir Adversário sem Posse da Bola.""}, {""arquivo"": ""Regras 1–18.md"", ""linha"": 903, ""sentenca"": ""Um Atleta pode_obstruir Adversário sem Posse da Bola.""}]"
BH-IHF-2026-R08-008,2,"[{""arquivo"": ""Regras 1–18.md"", ""linha"": 759, ""sentenca"": ""Um Atleta pode_fazer contato corporal com Adversário quando está de frente para o Adversário.""}, {""arquivo"": ""Regras 1–18.md"", ""linha"": 904, ""sentenca"": ""Um Atleta pode_fazer Contato Corporal com Adversário quando está de frente para o Adversário.""}]"
BH-IHF-2026-R08-009,2,"[{""arquivo"": ""Regras 1–18.md"", ""linha"": 760, ""sentenca"": ""Um Atleta pode_fazer contato corporal com Adversário com braços flexionados.""}, {""arquivo"": ""Regras 1–18.md"", ""linha"": 905, ""sentenca"": ""Um Atleta pode_fazer Contato Corporal com Adversário quando usa braços flexionados.""}]"
BH-IHF-2026-R08-010,2,"[{""arquivo"": ""Regras 1–18.md"", ""linha"": 761, ""sentenca"": ""Um Atleta pode_manter contato corporal regulamentar para monitorar Adversário.""}, {""arquivo"": ""Regras 1–18.md"", ""linha"": 906, ""sentenca"": ""Um Atleta pode_manter Contato Corporal para monitorar Adversário.""}]"
BH-IHF-2026-R08-011,2,"[{""arquivo"": ""Regras 1–18.md"", ""linha"": 762, ""sentenca"": ""Um Atleta pode_manter contato corporal regulamentar para acompanhar Adversário.""}, {""arquivo"": ""Regras 1–18.md"", ""linha"": 907, ""sentenca"": ""Um Atleta pode_manter Contato Corporal para acompanhar Adversário.""}]"
BH-IHF-2026-R08-012,2,"[{""arquivo"": ""Regras 1–18.md"", ""linha"": 765, ""sentenca"": ""Um Atleta não_pode_puxar a Bola das mãos de um Adversário.""}, {""arquivo"": ""Regras 1–18.md"", ""linha"": 910, ""sentenca"": ""Um Atleta não_pode_puxar a Bola das mãos do Adversário.""}]"
BH-IHF-2026-R08-013,2,"[{""arquivo"": ""Regras 1–18.md"", ""linha"": 766, ""sentenca"": ""Um Atleta não_pode_bater a Bola para fora das mãos de um Adversário.""}, {""arquivo"": ""Regras 1–18.md"", ""linha"": 911, ""sentenca"": ""Um Atleta não_pode_bater a Bola para fora das mãos do Adversário.""}]"
BH-IHF-2026-R08-014,2,"[{""arquivo"": ""Regras 1–18.md"", ""linha"": 767, ""sentenca"": ""Um Atleta não_pode_bloquear Adversário com braços.""}, {""arquivo"": ""Regras 1–18.md"", ""linha"": 912, ""sentenca"": ""Um Atleta não_pode_bloquear Adversário com braços.""}]"
BH-IHF-2026-R08-015,2,"[{""arquivo"": ""Regras 1–18.md"", ""linha"": 768, ""sentenca"": ""Um Atleta não_pode_bloquear Adversário com mãos.""}, {""arquivo"": ""Regras 1–18.md"", ""linha"": 913, ""sentenca"": ""Um Atleta não_pode_bloquear Adversário com mãos.""}]"
BH-IHF-2026-R08-016,2,"[{""arquivo"": ""Regras 1–18.md"", ""linha"": 769, ""sentenca"": ""Um Atleta não_pode_bloquear Adversário com pernas.""}, {""arquivo"": ""Regras 1–18.md"", ""linha"": 914, ""sentenca"": ""Um Atleta não_pode_bloquear Adversário com pernas.""}]"
BH-IHF-2026-R08-017,2,"[{""arquivo"": ""Regras 1–18.md"", ""linha"": 770, ""sentenca"": ""Um Atleta não_pode_forçar Adversário para longe com braços.""}, {""arquivo"": ""Regras 1–18.md"", ""linha"": 915, ""sentenca"": ""Um Atleta não_pode_forçar Adversário para longe com braços.""}]"
BH-IHF-2026-R08-018,2,"[{""arquivo"": ""Regras 1–18.md"", ""linha"": 771, ""sentenca"": ""Um Atleta não_pode_forçar Adversário para longe com mãos.""}, {""arquivo"": ""Regras 1–18.md"", ""linha"": 916, ""sentenca"": ""Um Atleta não_pode_forçar Adversário para longe com mãos.""}]"
BH-IHF-2026-R08-019,2,"[{""arquivo"": ""Regras 1–18.md"", ""linha"": 772, ""sentenca"": ""Um Atleta não_pode_forçar Adversário para longe com pernas.""}, {""arquivo"": ""Regras 1–18.md"", ""linha"": 917, ""sentenca"": ""Um Atleta não_pode_forçar Adversário para longe com pernas.""}]"
BH-IHF-2026-R08-020,2,"[{""arquivo"": ""Regras 1–18.md"", ""linha"": 773, ""sentenca"": ""Um Atleta não_pode_restringir Adversário.""}, {""arquivo"": ""Regras 1–18.md"", ""linha"": 918, ""sentenca"": ""Um Atleta não_pode_restringir Adversário.""}]"
BH-IHF-2026-R08-021,2,"[{""arquivo"": ""Regras 1–18.md"", ""linha"": 774, ""sentenca"": ""Um Atleta não_pode_segurar Adversário.""}, {""arquivo"": ""Regras 1–18.md"", ""linha"": 919, ""sentenca"": ""Um Atleta não_pode_segurar Adversário.""}]"
BH-IHF-2026-R08-022,2,"[{""arquivo"": ""Regras 1–18.md"", ""linha"": 775, ""sentenca"": ""Um Atleta não_pode_empurrar Adversário.""}, {""arquivo"": ""Regras 1–18.md"", ""linha"": 920, ""sentenca"": ""Um Atleta não_pode_empurrar Adversário.""}]"
BH-IHF-2026-R08-023,2,"[{""arquivo"": ""Regras 1–18.md"", ""linha"": 776, ""sentenca"": ""Um Atleta não_pode_correr contra Adversário.""}, {""arquivo"": ""Regras 1–18.md"", ""linha"": 921, ""sentenca"": ""Um Atleta não_pode_correr contra Adversário.""}]"
BH-IHF-2026-R08-024,2,"[{""arquivo"": ""Regras 1–18.md"", ""linha"": 777, ""sentenca"": ""Um Atleta não_pode_saltar contra Adversário.""}, {""arquivo"": ""Regras 1–18.md"", ""linha"": 922, ""sentenca"": ""Um Atleta não_pode_saltar contra Adversário.""}]"
BH-IHF-2026-R08-025,2,"[{""arquivo"": ""Regras 1–18.md"", ""linha"": 778, ""sentenca"": ""Um Atleta não_pode_interferir com Adversário em desacordo com as Regras.""}, {""arquivo"": ""Regras 1–18.md"", ""linha"": 923, ""sentenca"": ""Um Atleta não_pode_interferir com Adversário em contravenção às regras.""}]"
BH-IHF-2026-R08-026,2,"[{""arquivo"": ""Regras 1–18.md"", ""linha"": 779, ""sentenca"": ""Um Atleta não_pode_impedir Adversário em desacordo com as Regras.""}, {""arquivo"": ""Regras 1–18.md"", ""linha"": 924, ""sentenca"": ""Um Atleta não_pode_impedir Adversário em contravenção às regras.""}]"
BH-IHF-2026-R08-027,2,"[{""arquivo"": ""Regras 1–18.md"", ""linha"": 780, ""sentenca"": ""Um Atleta não_pode_colocar Adversário em perigo em desacordo com as Regras.""}, {""arquivo"": ""Regras 1–18.md"", ""linha"": 925, ""sentenca"": ""Um Atleta não_pode_colocar Adversário em perigo em contravenção às regras.""}]"
BH-IHF-2026-R08-028,2,"[{""arquivo"": ""Regras 1–18.md"", ""linha"": 781, ""sentenca"": ""Uma Ação Proibida pode_ocorrer contra Adversário com Bola.""}, {""arquivo"": ""Regras 1–18.md"", ""linha"": 926, ""sentenca"": ""A proibição de interferir aplica-se a Adversário com Bola.""}]"
BH-IHF-2026-R08-029,2,"[{""arquivo"": ""Regras 1–18.md"", ""linha"": 782, ""sentenca"": ""Uma Ação Proibida pode_ocorrer contra Adversário sem Bola.""}, {""arquivo"": ""Regras 1–18.md"", ""linha"": 927, ""sentenca"": ""A proibição de interferir aplica-se a Adversário sem Bola.""}]"
BH-IHF-2026-R08-030,2,"[{""arquivo"": ""Regras 1–18.md"", ""linha"": 785, ""sentenca"": ""Se uma Violação da Regra 8:2 dirige-se principalmente ao Adversário e não à Bola, então a Violação deve_ser_punida progressivamente.""}, {""arquivo"": ""Regras 1–18.md"", ""linha"": 928, ""sentenca"": ""A proibição de impedir aplica-se a Adversário com Bola.""}]"
BH-IHF-2026-R08-031,2,"[{""arquivo"": ""Regras 1–18.md"", ""linha"": 786, ""sentenca"": ""Se uma Violação da Regra 8:2 dirige-se exclusivamente ao Adversário e não à Bola, então a Violação deve_ser_punida progressivamente.""}, {""arquivo"": ""Regras 1–18.md"", ""linha"": 929, ""sentenca"": ""A proibição de impedir aplica-se a Adversário sem Bola.""}]"
BH-IHF-2026-R08-032,2,"[{""arquivo"": ""Regras 1–18.md"", ""linha"": 787, ""sentenca"": ""Uma Punição Progressiva não_se_limita a Tiro Livre.""}, {""arquivo"": ""Regras 1–18.md"", ""linha"": 930, ""sentenca"": ""A proibição de colocar em perigo aplica-se a Adversário com Bola.""}]"
BH-IHF-2026-R08-033,2,"[{""arquivo"": ""Regras 1–18.md"", ""linha"": 788, ""sentenca"": ""Uma Punição Progressiva não_se_limita a Tiro de 6 Metros.""}, {""arquivo"": ""Regras 1–18.md"", ""linha"": 931, ""sentenca"": ""A proibição de colocar em perigo aplica-se a Adversário sem Bola.""}]"
BH-IHF-2026-R08-034,2,"[{""arquivo"": ""Regras 1–18.md"", ""linha"": 789, ""sentenca"": ""Uma Infração que atende à definição de Punição Progressiva exige Punição Pessoal.""}, {""arquivo"": ""Regras 1–18.md"", ""linha"": 935, ""sentenca"": ""Uma Violação da Regra 8:2 deve_receber Punição Progressiva quando a ação é principalmente direcionada ao Adversário.""}]"
BH-IHF-2026-R08-035,2,"[{""arquivo"": ""Regras 1–18.md"", ""linha"": 792, ""sentenca"": ""Uma Expressão Física incompatível com o espírito de boa esportividade constitui Conduta Antidesportiva.""}, {""arquivo"": ""Regras 1–18.md"", ""linha"": 936, ""sentenca"": ""Uma Violação da Regra 8:2 deve_receber Punição Progressiva quando a ação é exclusivamente direcionada ao Adversário.""}]"
BH-IHF-2026-R08-036,2,"[{""arquivo"": ""Regras 1–18.md"", ""linha"": 793, ""sentenca"": ""Uma Expressão Verbal incompatível com o espírito de boa esportividade constitui Conduta Antidesportiva.""}, {""arquivo"": ""Regras 1–18.md"", ""linha"": 937, ""sentenca"": ""Uma Violação da Regra 8:2 não_deve_receber apenas Tiro Livre quando atende aos critérios de Punição Progressiva.""}]"
BH-IHF-2026-R08-037,2,"[{""arquivo"": ""Regras 1–18.md"", ""linha"": 794, ""sentenca"": ""A Conduta Antidesportiva aplica-se a Atleta.""}, {""arquivo"": ""Regras 1–18.md"", ""linha"": 938, ""sentenca"": ""Uma Violação da Regra 8:2 não_deve_receber apenas Tiro de 6 Metros quando atende aos critérios de Punição Progressiva.""}]"
BH-IHF-2026-R08-038,2,"[{""arquivo"": ""Regras 1–18.md"", ""linha"": 795, ""sentenca"": ""A Conduta Antidesportiva aplica-se a Oficial de Equipe.""}, {""arquivo"": ""Regras 1–18.md"", ""linha"": 939, ""sentenca"": ""Uma Infração com Punição Progressiva exige Punição Pessoal.""}]"
BH-IHF-2026-R08-039,2,"[{""arquivo"": ""Regras 1–18.md"", ""linha"": 796, ""sentenca"": ""A Conduta Antidesportiva pode_ocorrer dentro da Quadra de Jogo.""}, {""arquivo"": ""Regras 1–18.md"", ""linha"": 940, ""sentenca"": ""Uma Expressão Física incompatível com o espírito de esportividade constitui Conduta Antidesportiva.""}]"
BH-IHF-2026-R08-040,2,"[{""arquivo"": ""Regras 1–18.md"", ""linha"": 797, ""sentenca"": ""A Conduta Antidesportiva pode_ocorrer fora da Quadra de Jogo.""}, {""arquivo"": ""Regras 1–18.md"", ""linha"": 941, ""sentenca"": ""Uma Expressão Verbal incompatível com o espírito de esportividade constitui Conduta Antidesportiva.""}]"
BH-IHF-2026-R08-041,2,"[{""arquivo"": ""Regras 1–18.md"", ""linha"": 798, ""sentenca"": ""A Punição Progressiva aplica-se à Conduta Antidesportiva.""}, {""arquivo"": ""Regras 1–18.md"", ""linha"": 942, ""sentenca"": ""A Conduta Antidesportiva aplica-se a Atleta dentro da Quadra de Jogo.""}]"
BH-IHF-2026-R08-042,2,"[{""arquivo"": ""Regras 1–18.md"", ""linha"": 801, ""sentenca"": ""Se um Atleta coloca a saúde do Adversário em perigo durante ataque ao Adversário, então o Atleta deve_receber Desqualificação.""}, {""arquivo"": ""Regras 1–18.md"", ""linha"": 943, ""sentenca"": ""A Conduta Antidesportiva aplica-se a Atleta fora da Quadra de Jogo.""}]"
BH-IHF-2026-R08-043,2,"[{""arquivo"": ""Regras 1–18.md"", ""linha"": 802, ""sentenca"": ""Se um Atleta atinge o braço de arremesso do Adversário pelo lado durante arremesso ou passe, então o Atleta deve_receber Desqualificação.""}, {""arquivo"": ""Regras 1–18.md"", ""linha"": 944, ""sentenca"": ""A Conduta Antidesportiva aplica-se a Oficial de Equipe dentro da Quadra de Jogo.""}]"
BH-IHF-2026-R08-044,2,"[{""arquivo"": ""Regras 1–18.md"", ""linha"": 803, ""sentenca"": ""Se um Atleta puxa para trás o braço de arremesso do Adversário pelo lado durante arremesso ou passe, então o Atleta deve_receber Desqualificação.""}, {""arquivo"": ""Regras 1–18.md"", ""linha"": 945, ""sentenca"": ""A Conduta Antidesportiva aplica-se a Oficial de Equipe fora da Quadra de Jogo.""}]"
BH-IHF-2026-R08-045,2,"[{""arquivo"": ""Regras 1–18.md"", ""linha"": 804, ""sentenca"": ""Se um Atleta atinge o braço de arremesso do Adversário por trás durante arremesso ou passe, então o Atleta deve_receber Desqualificação.""}, {""arquivo"": ""Regras 1–18.md"", ""linha"": 946, ""sentenca"": ""A Conduta Antidesportiva recebe Punição Progressiva.""}]"
BH-IHF-2026-R08-046,2,"[{""arquivo"": ""Regras 1–18.md"", ""linha"": 805, ""sentenca"": ""Se um Atleta puxa para trás o braço de arremesso do Adversário por trás durante arremesso ou passe, então o Atleta deve_receber Desqualificação.""}, {""arquivo"": ""Regras 1–18.md"", ""linha"": 949, ""sentenca"": ""Um Atleta que coloca em perigo a saúde do Adversário durante ataque ao Adversário deve_receber Desqualificação.""}]"
BH-IHF-2026-R08-047,2,"[{""arquivo"": ""Regras 1–18.md"", ""linha"": 806, ""sentenca"": ""Se uma Ação resulta em golpe na cabeça do Adversário, então o Atleta deve_receber Desqualificação.""}, {""arquivo"": ""Regras 1–18.md"", ""linha"": 950, ""sentenca"": ""Um Atleta coloca em perigo a saúde do Adversário quando golpeia o braço de arremesso do Adversário pelo lado.""}]"
BH-IHF-2026-R08-048,2,"[{""arquivo"": ""Regras 1–18.md"", ""linha"": 807, ""sentenca"": ""Se uma Ação resulta em golpe no pescoço do Adversário, então o Atleta deve_receber Desqualificação.""}, {""arquivo"": ""Regras 1–18.md"", ""linha"": 951, ""sentenca"": ""Um Atleta coloca em perigo a saúde do Adversário quando golpeia o braço de arremesso do Adversário por trás.""}]"
BH-IHF-2026-R08-049,2,"[{""arquivo"": ""Regras 1–18.md"", ""linha"": 808, ""sentenca"": ""Se um Atleta atinge deliberadamente o corpo do Adversário com o pé, então o Atleta deve_receber Desqualificação.""}, {""arquivo"": ""Regras 1–18.md"", ""linha"": 952, ""sentenca"": ""Um Atleta coloca em perigo a saúde do Adversário quando puxa para trás o braço de arremesso do Adversário pelo lado.""}]"
BH-IHF-2026-R08-050,2,"[{""arquivo"": ""Regras 1–18.md"", ""linha"": 809, ""sentenca"": ""Se um Atleta atinge deliberadamente o corpo do Adversário com o joelho, então o Atleta deve_receber Desqualificação.""}, {""arquivo"": ""Regras 1–18.md"", ""linha"": 953, ""sentenca"": ""Um Atleta coloca em perigo a saúde do Adversário quando puxa para trás o braço de arremesso do Adversário por trás.""}]"
BH-IHF-2026-R08-051,2,"[{""arquivo"": ""Regras 1–18.md"", ""linha"": 810, ""sentenca"": ""Se um Atleta derruba deliberadamente Adversário com tropeço, então o Atleta deve_receber Desqualificação.""}, {""arquivo"": ""Regras 1–18.md"", ""linha"": 954, ""sentenca"": ""Um Atleta coloca em perigo a saúde do Adversário quando golpeia a cabeça do Adversário.""}]"
BH-IHF-2026-R08-052,2,"[{""arquivo"": ""Regras 1–18.md"", ""linha"": 811, ""sentenca"": ""Se um Atleta empurra Adversário em corrida e o Adversário perde controle do corpo, então o Atleta deve_receber Desqualificação.""}, {""arquivo"": ""Regras 1–18.md"", ""linha"": 955, ""sentenca"": ""Um Atleta coloca em perigo a saúde do Adversário quando golpeia o pescoço do Adversário.""}]"
BH-IHF-2026-R08-053,2,"[{""arquivo"": ""Regras 1–18.md"", ""linha"": 812, ""sentenca"": ""Se um Atleta empurra Adversário em salto e o Adversário perde controle do corpo, então o Atleta deve_receber Desqualificação.""}, {""arquivo"": ""Regras 1–18.md"", ""linha"": 956, ""sentenca"": ""Um Atleta coloca em perigo a saúde do Adversário quando atinge deliberadamente o corpo do Adversário com o pé.""}]"
BH-IHF-2026-R08-054,2,"[{""arquivo"": ""Regras 1–18.md"", ""linha"": 813, ""sentenca"": ""Se um Atleta ataca Adversário de modo que o Adversário perde controle do corpo, então o Atleta deve_receber Desqualificação.""}, {""arquivo"": ""Regras 1–18.md"", ""linha"": 957, ""sentenca"": ""Um Atleta coloca em perigo a saúde do Adversário quando atinge deliberadamente o corpo do Adversário com o joelho.""}]"
BH-IHF-2026-R08-055,2,"[{""arquivo"": ""Regras 1–18.md"", ""linha"": 814, ""sentenca"": ""A Regra 8:5d aplica-se ao Goleiro que deixa a Área de Gol durante Contra-Ataque adversário.""}, {""arquivo"": ""Regras 1–18.md"", ""linha"": 958, ""sentenca"": ""Um Atleta coloca em perigo a saúde do Adversário quando derruba deliberadamente o Adversário.""}]"
BH-IHF-2026-R08-056,2,"[{""arquivo"": ""Regras 1–18.md"", ""linha"": 815, ""sentenca"": ""Se um Atleta acerta a cabeça de Defensor com Tiro Livre direto ao Gol e o Defensor não estava em movimento, então o Atleta deve_receber Desqualificação.""}, {""arquivo"": ""Regras 1–18.md"", ""linha"": 959, ""sentenca"": ""Um Atleta coloca em perigo a saúde do Adversário quando empurra Adversário correndo e o Adversário perde controle do corpo.""}]"
BH-IHF-2026-R08-057,2,"[{""arquivo"": ""Regras 1–18.md"", ""linha"": 816, ""sentenca"": ""Se um Atleta acerta a cabeça do Goleiro com Tiro de 6 Metros e o Goleiro não estava em movimento, então o Atleta deve_receber Desqualificação.""}, {""arquivo"": ""Regras 1–18.md"", ""linha"": 960, ""sentenca"": ""Um Atleta coloca em perigo a saúde do Adversário quando empurra Adversário saltando e o Adversário perde controle do corpo.""}]"
BH-IHF-2026-R08-058,2,"[{""arquivo"": ""Regras 1–18.md"", ""linha"": 817, ""sentenca"": ""O risco ao Atleta orienta a decisão de Desqualificação.""}, {""arquivo"": ""Regras 1–18.md"", ""linha"": 961, ""sentenca"": ""Um Atleta coloca em perigo a saúde do Adversário quando ataca Adversário de forma que o Adversário perde controle do corpo.""}]"
BH-IHF-2026-R08-059,2,"[{""arquivo"": ""Regras 1–18.md"", ""linha"": 818, ""sentenca"": ""A pequena intensidade aparente do contato corporal não_impede Desqualificação.""}, {""arquivo"": ""Regras 1–18.md"", ""linha"": 962, ""sentenca"": ""A Regra 8:5 aplica-se a Goleiro que sai da Área de Gol em Contra-Ataque adversário.""}]"
BH-IHF-2026-R08-060,2,"[{""arquivo"": ""Regras 1–18.md"", ""linha"": 821, ""sentenca"": ""Uma Conduta Seriamente Antidesportiva de Atleta deve_ser_punida com Desqualificação.""}, {""arquivo"": ""Regras 1–18.md"", ""linha"": 963, ""sentenca"": ""Um Atleta coloca em perigo a saúde do Adversário quando acerta a cabeça de Defensor imóvel com Tiro Livre direto à Baliza.""}]"
BH-IHF-2026-R08-061,2,"[{""arquivo"": ""Regras 1–18.md"", ""linha"": 822, ""sentenca"": ""Uma Conduta Seriamente Antidesportiva de Oficial de Equipe deve_ser_punida com Desqualificação.""}, {""arquivo"": ""Regras 1–18.md"", ""linha"": 964, ""sentenca"": ""Um Atleta coloca em perigo a saúde do Adversário quando acerta a cabeça de Goleiro imóvel com Tiro de 6 Metros.""}]"
BH-IHF-2026-R08-062,2,"[{""arquivo"": ""Regras 1–18.md"", ""linha"": 823, ""sentenca"": ""Uma Conduta Seriamente Antidesportiva pode_ocorrer dentro da Quadra de Jogo.""}, {""arquivo"": ""Regras 1–18.md"", ""linha"": 965, ""sentenca"": ""A avaliação de Desqualificação considera o risco ao Atleta.""}]"
BH-IHF-2026-R08-063,2,"[{""arquivo"": ""Regras 1–18.md"", ""linha"": 824, ""sentenca"": ""Uma Conduta Seriamente Antidesportiva pode_ocorrer fora da Quadra de Jogo.""}, {""arquivo"": ""Regras 1–18.md"", ""linha"": 966, ""sentenca"": ""A avaliação de Desqualificação não_depende apenas da intensidade aparente do Contato Corporal.""}]"
BH-IHF-2026-R08-064,2,"[{""arquivo"": ""Regras 1–18.md"", ""linha"": 825, ""sentenca"": ""Se um Atleta comete Agressão durante Tempo de Jogo, então o Atleta deve_receber Desqualificação.""}, {""arquivo"": ""Regras 1–18.md"", ""linha"": 967, ""sentenca"": ""Uma Falta de pequeno impacto físico pode_ser perigosa.""}]"
BH-IHF-2026-R08-065,2,"[{""arquivo"": ""Regras 1–18.md"", ""linha"": 826, ""sentenca"": ""Uma Agressão de Atleta durante Tempo de Jogo deve_ser_reportada por escrito.""}, {""arquivo"": ""Regras 1–18.md"", ""linha"": 971, ""sentenca"": ""Uma Conduta Gravemente Antidesportiva de Atleta deve_receber Desqualificação.""}]"
BH-IHF-2026-R08-066,2,"[{""arquivo"": ""Regras 1–18.md"", ""linha"": 827, ""sentenca"": ""Se um Atleta comete Agressão fora do Tempo de Jogo, então o Atleta deve_receber Desqualificação.""}, {""arquivo"": ""Regras 1–18.md"", ""linha"": 972, ""sentenca"": ""Uma Conduta Gravemente Antidesportiva de Oficial de Equipe deve_receber Desqualificação.""}]"
BH-IHF-2026-R08-067,2,"[{""arquivo"": ""Regras 1–18.md"", ""linha"": 828, ""sentenca"": ""Se um Oficial de Equipe comete Agressão, então o Oficial de Equipe deve_receber Desqualificação.""}, {""arquivo"": ""Regras 1–18.md"", ""linha"": 973, ""sentenca"": ""Uma Conduta Gravemente Antidesportiva dentro da Quadra deve_receber Desqualificação.""}]"
BH-IHF-2026-R08-068,2,"[{""arquivo"": ""Regras 1–18.md"", ""linha"": 829, ""sentenca"": ""Uma Agressão é_um Ataque forte e deliberado contra o corpo de outra pessoa.""}, {""arquivo"": ""Regras 1–18.md"", ""linha"": 974, ""sentenca"": ""Uma Conduta Gravemente Antidesportiva fora da Quadra deve_receber Desqualificação.""}]"
BH-IHF-2026-R08-069,2,"[{""arquivo"": ""Regras 1–18.md"", ""linha"": 830, ""sentenca"": ""Uma Agressão pode_atingir Atleta.""}, {""arquivo"": ""Regras 1–18.md"", ""linha"": 975, ""sentenca"": ""Um Atleta culpado por Agressão durante o tempo de jogo deve_receber Desqualificação.""}]"
BH-IHF-2026-R08-070,2,"[{""arquivo"": ""Regras 1–18.md"", ""linha"": 831, ""sentenca"": ""Uma Agressão pode_atingir Árbitro.""}, {""arquivo"": ""Regras 1–18.md"", ""linha"": 976, ""sentenca"": ""Uma Agressão durante o tempo de jogo deve_ser_relatada por escrito.""}]"
BH-IHF-2026-R08-071,2,"[{""arquivo"": ""Regras 1–18.md"", ""linha"": 832, ""sentenca"": ""Uma Agressão pode_atingir Cronometrista.""}, {""arquivo"": ""Regras 1–18.md"", ""linha"": 977, ""sentenca"": ""Uma Agressão fora do tempo de jogo causa Desqualificação.""}]"
BH-IHF-2026-R08-072,2,"[{""arquivo"": ""Regras 1–18.md"", ""linha"": 833, ""sentenca"": ""Uma Agressão pode_atingir Secretário.""}, {""arquivo"": ""Regras 1–18.md"", ""linha"": 978, ""sentenca"": ""Um Oficial de Equipe culpado por Agressão deve_receber Desqualificação.""}]"
BH-IHF-2026-R08-073,2,"[{""arquivo"": ""Regras 1–18.md"", ""linha"": 834, ""sentenca"": ""Uma Agressão pode_atingir Oficial de Equipe.""}, {""arquivo"": ""Regras 1–18.md"", ""linha"": 979, ""sentenca"": ""Uma Agressão é_um Ataque forte e deliberado contra o corpo de outra Pessoa.""}]"
BH-IHF-2026-R08-074,2,"[{""arquivo"": ""Regras 1–18.md"", ""linha"": 835, ""sentenca"": ""Uma Agressão pode_atingir Delegado.""}, {""arquivo"": ""Regras 1–18.md"", ""linha"": 980, ""sentenca"": ""Uma Agressão não_é simplesmente uma Ação Reflexa.""}]"
BH-IHF-2026-R08-075,2,"[{""arquivo"": ""Regras 1–18.md"", ""linha"": 836, ""sentenca"": ""Uma Agressão pode_atingir Espectador.""}, {""arquivo"": ""Regras 1–18.md"", ""linha"": 981, ""sentenca"": ""Uma Agressão não_é simplesmente resultado de método descuidado.""}]"
BH-IHF-2026-R08-076,2,"[{""arquivo"": ""Regras 1–18.md"", ""linha"": 837, ""sentenca"": ""Uma Agressão não_é Reflexo Simples.""}, {""arquivo"": ""Regras 1–18.md"", ""linha"": 982, ""sentenca"": ""Uma Agressão não_é simplesmente resultado de método excessivo.""}]"
BH-IHF-2026-R08-077,2,"[{""arquivo"": ""Regras 1–18.md"", ""linha"": 838, ""sentenca"": ""Uma Agressão não_é resultado de método descuidado e excessivo.""}, {""arquivo"": ""Regras 1–18.md"", ""linha"": 983, ""sentenca"": ""Cuspir em outra Pessoa é_considerado Agressão.""}]"
BH-IHF-2026-R08-078,2,"[{""arquivo"": ""Regras 1–18.md"", ""linha"": 839, ""sentenca"": ""Cuspir em outra pessoa constitui Agressão.""}, {""arquivo"": ""Regras 1–18.md"", ""linha"": 984, ""sentenca"": ""Uma Violação das Regras 8:2 a 8:7 causa Tiro de 6 Metros quando destrói diretamente Chance Clara de Gol da Equipe Adversária.""}]"
BH-IHF-2026-R08-079,2,"[{""arquivo"": ""Regras 1–18.md"", ""linha"": 842, ""sentenca"": ""Se uma Violação das Regras 8:2 a 8:7 destrói diretamente Chance Clara de Gol do Adversário, então a Partida reinicia_com Tiro de 6 Metros para o Adversário.""}, {""arquivo"": ""Regras 1–18.md"", ""linha"": 985, ""sentenca"": ""Uma Violação das Regras 8:2 a 8:7 causa Tiro de 6 Metros quando destrói indiretamente Chance Clara de Gol da Equipe Adversária por interrupção.""}]"
BH-IHF-2026-R08-080,2,"[{""arquivo"": ""Regras 1–18.md"", ""linha"": 843, ""sentenca"": ""Se uma Violação das Regras 8:2 a 8:7 destrói indiretamente Chance Clara de Gol do Adversário por causa da interrupção, então a Partida reinicia_com Tiro de 6 Metros para o Adversário.""}, {""arquivo"": ""Regras 1–18.md"", ""linha"": 986, ""sentenca"": ""Uma Violação das Regras 8:2 a 8:7 causa Tiro Livre quando não destrói Chance Clara de Gol.""}]"
BH-IHF-2026-R08-081,2,"[{""arquivo"": ""Regras 1–18.md"", ""linha"": 844, ""sentenca"": ""Se uma Violação das Regras 8:2 a 8:7 não destrói Chance Clara de Gol do Adversário, então a Partida reinicia_com Tiro Livre para o Adversário.""}, {""arquivo"": ""Regras 1–18.md"", ""linha"": 987, ""sentenca"": ""Uma Desqualificação por ação particularmente imprudente deve_ser_relatada por escrito.""}]"
BH-IHF-2026-R08-082,2,"[{""arquivo"": ""Regras 1–18.md"", ""linha"": 845, ""sentenca"": ""Uma Desqualificação por Ação Particularmente Imprudente deve_ser_reportada por escrito.""}, {""arquivo"": ""Regras 1–18.md"", ""linha"": 988, ""sentenca"": ""Uma Desqualificação por ação particularmente perigosa deve_ser_relatada por escrito.""}]"
BH-IHF-2026-R08-083,2,"[{""arquivo"": ""Regras 1–18.md"", ""linha"": 846, ""sentenca"": ""Uma Desqualificação por Ação Particularmente Perigosa deve_ser_reportada por escrito.""}, {""arquivo"": ""Regras 1–18.md"", ""linha"": 989, ""sentenca"": ""Uma Desqualificação por ação premeditada deve_ser_relatada por escrito.""}]"
BH-IHF-2026-R08-084,2,"[{""arquivo"": ""Regras 1–18.md"", ""linha"": 847, ""sentenca"": ""Uma Desqualificação por Ação Premeditada deve_ser_reportada por escrito.""}, {""arquivo"": ""Regras 1–18.md"", ""linha"": 990, ""sentenca"": ""Uma Desqualificação por ação maliciosa deve_ser_relatada por escrito.""}]"
BH-IHF-2026-R08-085,2,"[{""arquivo"": ""Regras 1–18.md"", ""linha"": 848, ""sentenca"": ""Uma Desqualificação por Ação Maliciosa deve_ser_reportada por escrito.""}, {""arquivo"": ""Regras 1–18.md"", ""linha"": 991, ""sentenca"": ""Se Árbitros identificam ação particularmente imprudente, então Árbitros submetem Relatório Escrito após a Partida.""}]"
BH-IHF-2026-R08-086,2,"[{""arquivo"": ""Regras 1–18.md"", ""linha"": 849, ""sentenca"": ""Se Árbitros identificam Ação Particularmente Imprudente, então Árbitros devem_submeter Relatório Escrito após a Partida.""}, {""arquivo"": ""Regras 1–18.md"", ""linha"": 992, ""sentenca"": ""Se Árbitros identificam ação particularmente perigosa, então Árbitros submetem Relatório Escrito após a Partida.""}]"
BH-IHF-2026-R08-087,2,"[{""arquivo"": ""Regras 1–18.md"", ""linha"": 850, ""sentenca"": ""Se Árbitros identificam Ação Particularmente Perigosa, então Árbitros devem_submeter Relatório Escrito após a Partida.""}, {""arquivo"": ""Regras 1–18.md"", ""linha"": 993, ""sentenca"": ""Se Árbitros identificam ação premeditada, então Árbitros submetem Relatório Escrito após a Partida.""}]"
BH-IHF-2026-R08-088,2,"[{""arquivo"": ""Regras 1–18.md"", ""linha"": 851, ""sentenca"": ""Se Árbitros identificam Ação Premeditada, então Árbitros devem_submeter Relatório Escrito após a Partida.""}, {""arquivo"": ""Regras 1–18.md"", ""linha"": 994, ""sentenca"": ""Se Árbitros identificam ação maliciosa, então Árbitros submetem Relatório Escrito após a Partida.""}]"
BH-IHF-2026-R08-089,2,"[{""arquivo"": ""Regras 1–18.md"", ""linha"": 852, ""sentenca"": ""Se Árbitros identificam Ação Maliciosa, então Árbitros devem_submeter Relatório Escrito após a Partida.""}, {""arquivo"": ""Regras 1–18.md"", ""linha"": 995, ""sentenca"": ""Uma ação particularmente imprudente pode_servir como critério decisório adicional.""}]"
BH-IHF-2026-R08-090,2,"[{""arquivo"": ""Regras 1–18.md"", ""linha"": 853, ""sentenca"": ""Uma Ação Premeditada pode_não_estar relacionada à Situação de Jogo.""}, {""arquivo"": ""Regras 1–18.md"", ""linha"": 996, ""sentenca"": ""Uma ação particularmente perigosa pode_servir como critério decisório adicional.""}]"
BH-IHF-2026-R08-091,2,"[{""arquivo"": ""Regras 1–18.md"", ""linha"": 854, ""sentenca"": ""Uma Ação Maliciosa pode_não_estar relacionada à Situação de Jogo.""}, {""arquivo"": ""Regras 1–18.md"", ""linha"": 997, ""sentenca"": ""Uma ação premeditada sem relação com a situação de jogo pode_servir como critério decisório adicional.""}]"
BH-IHF-2026-R08-092,2,"[{""arquivo"": ""Regras 1–18.md"", ""linha"": 855, ""sentenca"": ""Uma Desqualificação por Conduta Extremamente Antidesportiva deve_ser_reportada por escrito.""}, {""arquivo"": ""Regras 1–18.md"", ""linha"": 998, ""sentenca"": ""Uma ação maliciosa sem relação com a situação de jogo pode_servir como critério decisório adicional.""}]"
BH-IHF-2026-R08-093,2,"[{""arquivo"": ""Regras 1–18.md"", ""linha"": 856, ""sentenca"": ""Se Árbitros classificam uma Conduta como Extremamente Antidesportiva, então Árbitros devem_submeter Relatório Escrito após a Partida.""}, {""arquivo"": ""Regras 1–18.md"", ""linha"": 999, ""sentenca"": ""Uma Desqualificação por Conduta Extremamente Antidesportiva deve_ser_relatada por escrito.""}]"
BH-IHF-2026-R08-094,2,"[{""arquivo"": ""Regras 1–18.md"", ""linha"": 857, ""sentenca"": ""Um Comportamento Insultante dirigido a outra pessoa pode_caracterizar Conduta Extremamente Antidesportiva.""}, {""arquivo"": ""Regras 1–18.md"", ""linha"": 1000, ""sentenca"": ""Se Árbitros classificam uma conduta como Extremamente Antidesportiva, então Árbitros submetem Relatório Escrito após a Partida.""}]"
BH-IHF-2026-R08-095,2,"[{""arquivo"": ""Regras 1–18.md"", ""linha"": 858, ""sentenca"": ""Um Comportamento Ameaçador dirigido a outra pessoa pode_caracterizar Conduta Extremamente Antidesportiva.""}, {""arquivo"": ""Regras 1–18.md"", ""linha"": 1001, ""sentenca"": ""Um comportamento insultuoso dirigido a outra Pessoa pode_ser Conduta Extremamente Antidesportiva.""}]"
BH-IHF-2026-R08-096,2,"[{""arquivo"": ""Regras 1–18.md"", ""linha"": 859, ""sentenca"": ""A Interferência de Oficial de Equipe na Quadra de Jogo pode_caracterizar Conduta Extremamente Antidesportiva.""}, {""arquivo"": ""Regras 1–18.md"", ""linha"": 1002, ""sentenca"": ""Um comportamento ameaçador dirigido a outra Pessoa pode_ser Conduta Extremamente Antidesportiva.""}]"
BH-IHF-2026-R08-097,2,"[{""arquivo"": ""Regras 1–18.md"", ""linha"": 860, ""sentenca"": ""A Interferência de Oficial de Equipe a partir da Área de Substituição pode_caracterizar Conduta Extremamente Antidesportiva.""}, {""arquivo"": ""Regras 1–18.md"", ""linha"": 1003, ""sentenca"": ""Um comportamento verbal pode_ser Conduta Extremamente Antidesportiva.""}]"
BH-IHF-2026-R08-098,2,"[{""arquivo"": ""Regras 1–18.md"", ""linha"": 861, ""sentenca"": ""Se um Atleta destrói Chance Clara de Gol por Entrada Ilegal na Quadra, então a ação pode_caracterizar Conduta Extremamente Antidesportiva.""}, {""arquivo"": ""Regras 1–18.md"", ""linha"": 1004, ""sentenca"": ""Um comportamento não verbal pode_ser Conduta Extremamente Antidesportiva.""}]"
BH-IHF-2026-R08-099,2,"[{""arquivo"": ""Regras 1–18.md"", ""linha"": 862, ""sentenca"": ""Se um Atleta destrói Chance Clara de Gol a partir da Área de Substituição, então a ação pode_caracterizar Conduta Extremamente Antidesportiva.""}, {""arquivo"": ""Regras 1–18.md"", ""linha"": 1005, ""sentenca"": ""Uma expressão facial pode_ser Conduta Extremamente Antidesportiva.""}]"
